[
{
    "model": "auth.group",
    "fields": {
        "name": "Moderators",
        "permissions": [
            [
                "access_admin",
                "wagtailadmin",
                "admin"
            ],
            [
                "add_document",
                "wagtaildocs",
                "document"
            ],
            [
                "change_document",
                "wagtaildocs",
                "document"
            ],
            [
                "delete_document",
                "wagtaildocs",
                "document"
            ],
            [
                "add_image",
                "wagtailimages",
                "image"
            ],
            [
                "change_image",
                "wagtailimages",
                "image"
            ],
            [
                "delete_image",
                "wagtailimages",
                "image"
            ]
        ]
    }
},
{
    "model": "auth.group",
    "fields": {
        "name": "Editors",
        "permissions": [
            [
                "access_admin",
                "wagtailadmin",
                "admin"
            ],
            [
                "add_document",
                "wagtaildocs",
                "document"
            ],
            [
                "change_document",
                "wagtaildocs",
                "document"
            ],
            [
                "delete_document",
                "wagtaildocs",
                "document"
            ],
            [
                "add_image",
                "wagtailimages",
                "image"
            ],
            [
                "change_image",
                "wagtailimages",
                "image"
            ],
            [
                "delete_image",
                "wagtailimages",
                "image"
            ]
        ]
    }
},
{
    "model": "auth.user",
    "fields": {
        "password": "pbkdf2_sha256$36000$iGLfgEIslz72$sksj5PXYNSr1UkGtCnxGQCWo4uSTIWhc6DF7oPDkWFE=",
        "last_login": "2018-03-05T14:48:44.747Z",
        "is_superuser": true,
        "username": "admin",
        "first_name": "",
        "last_name": "",
        "email": "",
        "is_staff": true,
        "is_active": true,
        "date_joined": "2018-03-05T14:48:30.318Z",
        "groups": [],
        "user_permissions": []
    }
},
{
    "model": "taggit.tag",
    "pk": 1,
    "fields": {
        "name": "banner",
        "slug": "banner"
    }
},
{
    "model": "taggit.taggeditem",
    "pk": 1,
    "fields": {
        "tag": 1,
        "content_type": [
            "wagtailimages",
            "image"
        ],
        "object_id": 1
    }
},
{
    "model": "app.sidebaritem",
    "pk": 1,
    "fields": {
        "link_external": "",
        "link_page": 3,
        "link_document": null,
        "image": 1,
        "title": "Sidebar",
        "body": "A sidebar",
        "button_text": "Go home",
        "show_related_links": false
    }
},
{
    "model": "app.sidebaritem",
    "pk": 2,
    "fields": {
        "link_external": "",
        "link_page": null,
        "link_document": null,
        "image": null,
        "title": "It's a form",
        "body": "Fill it",
        "button_text": null,
        "show_related_links": false
    }
},
{
    "model": "app.homepagepromotion",
    "pk": 1,
    "fields": {
        "sort_order": 0,
        "promotion_page": 4,
        "header": "Our Projects",
        "page": 3
    }
},
{
    "model": "app.homepagefooterpromotion",
    "pk": 1,
    "fields": {
        "sort_order": 0,
        "promotion_page": 4,
        "header": "Our Projects",
        "page": 3
    }
},
{
    "model": "app.homepagefooterpromotion",
    "pk": 2,
    "fields": {
        "sort_order": 1,
        "promotion_page": 4,
        "header": "Our Projects",
        "page": 3
    }
},
{
    "model": "app.homepage",
    "pk": 3,
    "fields": {
        "logo_text": "Papusa",
        "logo_image": null,
        "banner_image": 1,
        "banner_header": "Welcome to Papusa",
        "banner_caption": "A Wagtail CMS Project",
        "body": "[{\"value\": \"Papusa Home Page\", \"type\": \"h2\"}]"
    }
},
{
    "model": "app.standardindexpage",
    "pk": 4,
    "fields": {
        "intro": "<p>Our list of projects<br/></p>",
        "feed_image": null
    }
},
{
    "model": "app.standardpagesidebaritem",
    "pk": 1,
    "fields": {
        "sort_order": 0,
        "page": 5
    }
},
{
    "model": "app.standardpage",
    "pk": 5,
    "fields": {
        "intro": "<p><br/></p>",
        "body": "<h2>Right Sidebar<br/></h2><p>This page has a right sidebar<br/></p>",
        "sidebar": "right_sidebar",
        "feed_image": 1
    }
},
{
    "model": "app.formfield",
    "pk": 1,
    "fields": {
        "sort_order": 0,
        "label": "A Form Field",
        "field_type": "singleline",
        "required": true,
        "choices": "",
        "default_value": "",
        "help_text": "",
        "page": 6
    }
},
{
    "model": "app.formpagesidebaritem",
    "pk": 2,
    "fields": {
        "sort_order": 0,
        "page": 6
    }
},
{
    "model": "app.formpage",
    "pk": 6,
    "fields": {
        "to_address": "",
        "from_address": "",
        "subject": "",
        "intro": "<p>A Form<br/></p>",
        "thank_you_text": "<p>Cheers</p>",
        "sidebar": "right_sidebar",
        "feed_image": 1
    }
},
{
    "model": "wagtailcore.site",
    "fields": {
        "hostname": "localhost",
        "port": 80,
        "site_name": null,
        "root_page": 3,
        "is_default_site": true
    }
},
{
    "model": "wagtailcore.page",
    "pk": 1,
    "fields": {
        "path": "0001",
        "depth": 1,
        "numchild": 1,
        "title": "Root",
        "slug": "root",
        "content_type": [
            "wagtailcore",
            "page"
        ],
        "live": true,
        "has_unpublished_changes": false,
        "url_path": "/",
        "owner": null,
        "seo_title": "",
        "show_in_menus": false,
        "search_description": "",
        "go_live_at": null,
        "expire_at": null,
        "expired": false,
        "locked": false,
        "first_published_at": null,
        "latest_revision_created_at": null
    }
},
{
    "model": "wagtailcore.page",
    "pk": 3,
    "fields": {
        "path": "00010002",
        "depth": 2,
        "numchild": 1,
        "title": "Home",
        "slug": "home",
        "content_type": [
            "app",
            "homepage"
        ],
        "live": true,
        "has_unpublished_changes": false,
        "url_path": "/home/",
        "owner": [
            "admin"
        ],
        "seo_title": "Papusa - Homepage",
        "show_in_menus": false,
        "search_description": "",
        "go_live_at": null,
        "expire_at": null,
        "expired": false,
        "locked": false,
        "first_published_at": "2018-03-05T14:49:31.639Z",
        "latest_revision_created_at": "2018-03-05T19:40:02.856Z"
    }
},
{
    "model": "wagtailcore.page",
    "pk": 4,
    "fields": {
        "path": "000100020001",
        "depth": 3,
        "numchild": 2,
        "title": "Projects",
        "slug": "projects",
        "content_type": [
            "app",
            "standardindexpage"
        ],
        "live": true,
        "has_unpublished_changes": false,
        "url_path": "/home/projects/",
        "owner": [
            "admin"
        ],
        "seo_title": "",
        "show_in_menus": true,
        "search_description": "",
        "go_live_at": null,
        "expire_at": null,
        "expired": false,
        "locked": false,
        "first_published_at": "2018-03-05T19:30:43.901Z",
        "latest_revision_created_at": "2018-03-05T19:30:57.029Z"
    }
},
{
    "model": "wagtailcore.page",
    "pk": 5,
    "fields": {
        "path": "0001000200010001",
        "depth": 4,
        "numchild": 0,
        "title": "Right Sidebar",
        "slug": "right-sidebar",
        "content_type": [
            "app",
            "standardpage"
        ],
        "live": true,
        "has_unpublished_changes": false,
        "url_path": "/home/projects/right-sidebar/",
        "owner": [
            "admin"
        ],
        "seo_title": "",
        "show_in_menus": false,
        "search_description": "A  page with a right sidebar",
        "go_live_at": null,
        "expire_at": null,
        "expired": false,
        "locked": false,
        "first_published_at": "2018-03-05T19:32:04.165Z",
        "latest_revision_created_at": "2018-03-05T19:35:19.583Z"
    }
},
{
    "model": "wagtailcore.page",
    "pk": 6,
    "fields": {
        "path": "0001000200010002",
        "depth": 4,
        "numchild": 0,
        "title": "A Form",
        "slug": "form",
        "content_type": [
            "app",
            "formpage"
        ],
        "live": true,
        "has_unpublished_changes": false,
        "url_path": "/home/projects/form/",
        "owner": [
            "admin"
        ],
        "seo_title": "",
        "show_in_menus": false,
        "search_description": "It's a form",
        "go_live_at": null,
        "expire_at": null,
        "expired": false,
        "locked": false,
        "first_published_at": "2018-03-05T19:41:02.131Z",
        "latest_revision_created_at": "2018-03-05T19:41:16.665Z"
    }
},
{
    "model": "wagtailcore.pagerevision",
    "pk": 1,
    "fields": {
        "page": 3,
        "submitted_for_moderation": false,
        "created_at": "2018-03-05T14:49:31.553Z",
        "user": [
            "admin"
        ],
        "content_json": "{\"related_links\": [], \"title\": \"Home\", \"first_published_at\": null, \"depth\": 2, \"pennant_items\": [], \"url_path\": \"/homep/\", \"search_description\": \"\", \"numchild\": 0, \"has_unpublished_changes\": false, \"live\": true, \"advert_placements\": [], \"owner\": 1, \"content_type\": 27, \"expired\": false, \"pk\": 3, \"banner_caption\": \"A Wagtail CMS Project\", \"carousel_items\": [], \"slug\": \"homep\", \"seo_title\": \"\", \"banner_image\": null, \"footer_promotions\": [], \"promotions\": [], \"latest_revision_created_at\": null, \"logo_image\": null, \"show_in_menus\": false, \"go_live_at\": null, \"path\": \"00010002\", \"locked\": false, \"logo_text\": \"Papusa\", \"body\": \"[{\\\"value\\\": \\\"Papusa Home Page\\\", \\\"type\\\": \\\"h2\\\"}]\", \"expire_at\": null, \"banner_header\": \"Welcome to Papusa\"}",
        "approved_go_live_at": null
    }
},
{
    "model": "wagtailcore.pagerevision",
    "pk": 2,
    "fields": {
        "page": 3,
        "submitted_for_moderation": false,
        "created_at": "2018-03-05T14:50:11.775Z",
        "user": [
            "admin"
        ],
        "content_json": "{\"related_links\": [], \"title\": \"Home\", \"first_published_at\": \"2018-03-05T14:49:31.639Z\", \"depth\": 2, \"pennant_items\": [], \"url_path\": \"/homep/\", \"search_description\": \"\", \"numchild\": 0, \"has_unpublished_changes\": false, \"live\": true, \"advert_placements\": [], \"owner\": 1, \"content_type\": 27, \"expired\": false, \"pk\": 3, \"banner_caption\": \"A Wagtail CMS Project\", \"carousel_items\": [], \"slug\": \"home\", \"seo_title\": \"Papusa - Homepage\", \"banner_image\": null, \"footer_promotions\": [], \"promotions\": [], \"latest_revision_created_at\": \"2018-03-05T14:49:31.553Z\", \"logo_image\": null, \"show_in_menus\": false, \"go_live_at\": null, \"path\": \"00010002\", \"locked\": false, \"logo_text\": \"Papusa\", \"body\": \"[{\\\"value\\\": \\\"Papusa Home Page\\\", \\\"type\\\": \\\"h2\\\"}]\", \"expire_at\": null, \"banner_header\": \"Welcome to Papusa\"}",
        "approved_go_live_at": null
    }
},
{
    "model": "wagtailcore.pagerevision",
    "pk": 3,
    "fields": {
        "page": 3,
        "submitted_for_moderation": false,
        "created_at": "2018-03-05T19:25:16.493Z",
        "user": [
            "admin"
        ],
        "content_json": "{\"related_links\": [], \"title\": \"Home\", \"first_published_at\": \"2018-03-05T14:49:31.639Z\", \"depth\": 2, \"pennant_items\": [], \"url_path\": \"/home/\", \"search_description\": \"\", \"numchild\": 0, \"has_unpublished_changes\": false, \"live\": true, \"advert_placements\": [], \"owner\": 1, \"content_type\": 27, \"expired\": false, \"pk\": 3, \"banner_caption\": \"A Wagtail CMS Project\", \"carousel_items\": [], \"slug\": \"home\", \"seo_title\": \"Papusa - Homepage\", \"banner_image\": 1, \"footer_promotions\": [], \"promotions\": [], \"latest_revision_created_at\": \"2018-03-05T14:50:11.775Z\", \"logo_image\": null, \"show_in_menus\": false, \"go_live_at\": null, \"path\": \"00010002\", \"locked\": false, \"logo_text\": \"Papusa\", \"body\": \"[{\\\"value\\\": \\\"Papusa Home Page\\\", \\\"type\\\": \\\"h2\\\"}]\", \"expire_at\": null, \"banner_header\": \"Welcome to Papusa\"}",
        "approved_go_live_at": null
    }
},
{
    "model": "wagtailcore.pagerevision",
    "pk": 4,
    "fields": {
        "page": 4,
        "submitted_for_moderation": false,
        "created_at": "2018-03-05T19:30:43.823Z",
        "user": [
            "admin"
        ],
        "content_json": "{\"related_links\": [], \"title\": \"Projects\", \"first_published_at\": null, \"depth\": 3, \"url_path\": \"/home/projects/\", \"search_description\": \"\", \"numchild\": 0, \"has_unpublished_changes\": false, \"live\": true, \"owner\": 1, \"content_type\": 23, \"expired\": false, \"pk\": 4, \"advert_placements\": [], \"slug\": \"projects\", \"seo_title\": \"\", \"intro\": \"<p>Our list of projects<br/></p>\", \"latest_revision_created_at\": null, \"show_in_menus\": false, \"go_live_at\": null, \"path\": \"000100020001\", \"feed_image\": null, \"locked\": false, \"expire_at\": null}",
        "approved_go_live_at": null
    }
},
{
    "model": "wagtailcore.pagerevision",
    "pk": 5,
    "fields": {
        "page": 4,
        "submitted_for_moderation": false,
        "created_at": "2018-03-05T19:30:57.029Z",
        "user": [
            "admin"
        ],
        "content_json": "{\"related_links\": [], \"title\": \"Projects\", \"first_published_at\": \"2018-03-05T19:30:43.901Z\", \"depth\": 3, \"url_path\": \"/home/projects/\", \"search_description\": \"\", \"numchild\": 0, \"has_unpublished_changes\": false, \"live\": true, \"owner\": 1, \"content_type\": 23, \"expired\": false, \"pk\": 4, \"advert_placements\": [], \"slug\": \"projects\", \"seo_title\": \"\", \"intro\": \"<p>Our list of projects<br/></p>\", \"latest_revision_created_at\": \"2018-03-05T19:30:43.823Z\", \"show_in_menus\": true, \"go_live_at\": null, \"path\": \"000100020001\", \"feed_image\": null, \"locked\": false, \"expire_at\": null}",
        "approved_go_live_at": null
    }
},
{
    "model": "wagtailcore.pagerevision",
    "pk": 6,
    "fields": {
        "page": 5,
        "submitted_for_moderation": false,
        "created_at": "2018-03-05T19:32:04.046Z",
        "user": [
            "admin"
        ],
        "content_json": "{\"related_links\": [], \"title\": \"Right Sidebar\", \"first_published_at\": null, \"depth\": 4, \"url_path\": \"/home/projects/right-sidebar/\", \"search_description\": \"\", \"numchild\": 0, \"has_unpublished_changes\": false, \"live\": true, \"owner\": 1, \"content_type\": 30, \"expired\": false, \"sidebar\": \"right_sidebar\", \"pk\": 5, \"advert_placements\": [], \"carousel_items\": [], \"slug\": \"right-sidebar\", \"seo_title\": \"\", \"intro\": \"<p>A page with a right sidebar<br/></p>\", \"latest_revision_created_at\": null, \"show_in_menus\": false, \"go_live_at\": null, \"path\": \"0001000200010001\", \"feed_image\": null, \"locked\": false, \"body\": \"<p>This page has a right sidebar<br/></p>\", \"sidebar_items\": [{\"page\": 5, \"pk\": 1, \"title\": \"Sidebar\", \"sort_order\": 0, \"body\": \"A sidebar\", \"image\": 1, \"link_external\": \"\", \"link_page\": 3, \"link_document\": null, \"button_text\": \"Go home\", \"show_related_links\": false}], \"expire_at\": null}",
        "approved_go_live_at": null
    }
},
{
    "model": "wagtailcore.pagerevision",
    "pk": 7,
    "fields": {
        "page": 5,
        "submitted_for_moderation": false,
        "created_at": "2018-03-05T19:32:44.144Z",
        "user": [
            "admin"
        ],
        "content_json": "{\"related_links\": [], \"title\": \"Right Sidebar\", \"first_published_at\": \"2018-03-05T19:32:04.165Z\", \"depth\": 4, \"url_path\": \"/home/projects/right-sidebar/\", \"search_description\": \"\", \"numchild\": 0, \"has_unpublished_changes\": false, \"live\": true, \"owner\": 1, \"content_type\": 30, \"expired\": false, \"sidebar\": \"right_sidebar\", \"pk\": 5, \"advert_placements\": [], \"carousel_items\": [], \"slug\": \"right-sidebar\", \"seo_title\": \"\", \"intro\": \"<p>A page with a right sidebar<br/></p>\", \"latest_revision_created_at\": \"2018-03-05T19:32:04.046Z\", \"show_in_menus\": false, \"go_live_at\": null, \"path\": \"0001000200010001\", \"feed_image\": 1, \"locked\": false, \"body\": \"<p>This page has a right sidebar<br/></p>\", \"sidebar_items\": [{\"page\": 5, \"pk\": 1, \"title\": \"Sidebar\", \"sort_order\": 0, \"body\": \"A sidebar\", \"image\": 1, \"link_external\": \"\", \"link_page\": 3, \"link_document\": null, \"button_text\": \"Go home\", \"show_related_links\": false}], \"expire_at\": null}",
        "approved_go_live_at": null
    }
},
{
    "model": "wagtailcore.pagerevision",
    "pk": 8,
    "fields": {
        "page": 5,
        "submitted_for_moderation": false,
        "created_at": "2018-03-05T19:33:55.728Z",
        "user": [
            "admin"
        ],
        "content_json": "{\"related_links\": [], \"title\": \"Right Sidebar\", \"first_published_at\": \"2018-03-05T19:32:04.165Z\", \"depth\": 4, \"url_path\": \"/home/projects/right-sidebar/\", \"search_description\": \"A  page with a right sidebar\", \"numchild\": 0, \"has_unpublished_changes\": false, \"live\": true, \"owner\": 1, \"content_type\": 30, \"expired\": false, \"sidebar\": \"right_sidebar\", \"pk\": 5, \"advert_placements\": [], \"carousel_items\": [], \"slug\": \"right-sidebar\", \"seo_title\": \"\", \"intro\": \"<p><br/></p>\", \"latest_revision_created_at\": \"2018-03-05T19:32:44.144Z\", \"show_in_menus\": false, \"go_live_at\": null, \"path\": \"0001000200010001\", \"feed_image\": 1, \"locked\": false, \"body\": \"<p>This page has a right sidebar<br/></p>\", \"sidebar_items\": [{\"page\": 5, \"pk\": 1, \"title\": \"Sidebar\", \"sort_order\": 0, \"body\": \"A sidebar\", \"image\": 1, \"link_external\": \"\", \"link_page\": 3, \"link_document\": null, \"button_text\": \"Go home\", \"show_related_links\": false}], \"expire_at\": null}",
        "approved_go_live_at": null
    }
},
{
    "model": "wagtailcore.pagerevision",
    "pk": 9,
    "fields": {
        "page": 5,
        "submitted_for_moderation": false,
        "created_at": "2018-03-05T19:34:57.222Z",
        "user": [
            "admin"
        ],
        "content_json": "{\"related_links\": [], \"title\": \"Right Sidebar\", \"first_published_at\": \"2018-03-05T19:32:04.165Z\", \"depth\": 4, \"url_path\": \"/home/projects/right-sidebar/\", \"search_description\": \"A  page with a right sidebar\", \"numchild\": 0, \"has_unpublished_changes\": false, \"live\": true, \"owner\": 1, \"content_type\": 30, \"expired\": false, \"sidebar\": \"right_sidebar\", \"pk\": 5, \"advert_placements\": [], \"carousel_items\": [], \"slug\": \"right-sidebar\", \"seo_title\": \"\", \"intro\": \"<p><br/></p>\", \"latest_revision_created_at\": \"2018-03-05T19:33:55.728Z\", \"show_in_menus\": false, \"go_live_at\": null, \"path\": \"0001000200010001\", \"feed_image\": 1, \"locked\": false, \"body\": \"<h2>Right Sidebar<br/></h2><p>This page has a right sidebar<br/></p>\", \"sidebar_items\": [{\"page\": 5, \"pk\": 1, \"title\": \"Sidebar\", \"sort_order\": 0, \"body\": \"A sidebar\", \"image\": 1, \"link_external\": \"\", \"link_page\": 3, \"link_document\": null, \"button_text\": \"Go home\", \"show_related_links\": false}], \"expire_at\": null}",
        "approved_go_live_at": null
    }
},
{
    "model": "wagtailcore.pagerevision",
    "pk": 10,
    "fields": {
        "page": 5,
        "submitted_for_moderation": false,
        "created_at": "2018-03-05T19:35:19.583Z",
        "user": [
            "admin"
        ],
        "content_json": "{\"related_links\": [], \"title\": \"Right Sidebar\", \"first_published_at\": \"2018-03-05T19:32:04.165Z\", \"depth\": 4, \"url_path\": \"/home/projects/right-sidebar/\", \"search_description\": \"A  page with a right sidebar\", \"numchild\": 0, \"has_unpublished_changes\": false, \"live\": true, \"owner\": 1, \"content_type\": 30, \"expired\": false, \"sidebar\": \"right_sidebar\", \"pk\": 5, \"advert_placements\": [], \"carousel_items\": [], \"slug\": \"right-sidebar\", \"seo_title\": \"\", \"intro\": \"<p><br/></p>\", \"latest_revision_created_at\": \"2018-03-05T19:34:57.222Z\", \"show_in_menus\": false, \"go_live_at\": null, \"path\": \"0001000200010001\", \"feed_image\": 1, \"locked\": false, \"body\": \"<h2>Right Sidebar<br/></h2><p>This page has a right sidebar<br/></p>\", \"sidebar_items\": [{\"page\": 5, \"pk\": 1, \"title\": \"Sidebar\", \"sort_order\": 0, \"body\": \"A sidebar\", \"image\": 1, \"link_external\": \"\", \"link_page\": 3, \"link_document\": null, \"button_text\": \"Go home\", \"show_related_links\": false}], \"expire_at\": null}",
        "approved_go_live_at": null
    }
},
{
    "model": "wagtailcore.pagerevision",
    "pk": 11,
    "fields": {
        "page": 3,
        "submitted_for_moderation": false,
        "created_at": "2018-03-05T19:40:02.856Z",
        "user": [
            "admin"
        ],
        "content_json": "{\"related_links\": [], \"title\": \"Home\", \"first_published_at\": \"2018-03-05T14:49:31.639Z\", \"depth\": 2, \"pennant_items\": [], \"url_path\": \"/home/\", \"search_description\": \"\", \"numchild\": 1, \"has_unpublished_changes\": false, \"live\": true, \"advert_placements\": [], \"owner\": 1, \"content_type\": 27, \"expired\": false, \"pk\": 3, \"banner_caption\": \"A Wagtail CMS Project\", \"carousel_items\": [], \"slug\": \"home\", \"seo_title\": \"Papusa - Homepage\", \"banner_image\": 1, \"footer_promotions\": [{\"page\": 3, \"pk\": null, \"sort_order\": 0, \"header\": \"Our Projects\", \"promotion_page\": 4}, {\"page\": 3, \"pk\": null, \"sort_order\": 1, \"header\": \"Our Projects\", \"promotion_page\": 4}], \"promotions\": [{\"page\": 3, \"pk\": null, \"sort_order\": 0, \"header\": \"Our Projects\", \"promotion_page\": 4}], \"latest_revision_created_at\": \"2018-03-05T19:25:16.493Z\", \"logo_image\": null, \"show_in_menus\": false, \"go_live_at\": null, \"path\": \"00010002\", \"locked\": false, \"logo_text\": \"Papusa\", \"body\": \"[{\\\"value\\\": \\\"Papusa Home Page\\\", \\\"type\\\": \\\"h2\\\"}]\", \"expire_at\": null, \"banner_header\": \"Welcome to Papusa\"}",
        "approved_go_live_at": null
    }
},
{
    "model": "wagtailcore.pagerevision",
    "pk": 12,
    "fields": {
        "page": 6,
        "submitted_for_moderation": false,
        "created_at": "2018-03-05T19:41:02.065Z",
        "user": [
            "admin"
        ],
        "content_json": "{\"title\": \"A Form\", \"intro\": \"<p>A Form<br/></p>\", \"first_published_at\": null, \"depth\": 4, \"url_path\": \"/home/projects/form/\", \"search_description\": \"\", \"numchild\": 0, \"has_unpublished_changes\": false, \"live\": true, \"owner\": 1, \"content_type\": 26, \"expired\": false, \"sidebar\": \"right_sidebar\", \"pk\": 6, \"advert_placements\": [], \"subject\": \"\", \"slug\": \"form\", \"seo_title\": \"\", \"from_address\": \"\", \"to_address\": \"\", \"latest_revision_created_at\": null, \"show_in_menus\": false, \"go_live_at\": null, \"path\": \"0001000200010002\", \"thank_you_text\": \"<p>Cheers</p>\", \"locked\": false, \"feed_image\": null, \"form_fields\": [{\"required\": true, \"pk\": 1, \"help_text\": \"\", \"default_value\": \"\", \"page\": 6, \"label\": \"A Form Field\", \"sort_order\": 0, \"field_type\": \"singleline\", \"choices\": \"\"}], \"sidebar_items\": [{\"page\": 6, \"pk\": 2, \"title\": \"It's a form\", \"sort_order\": 0, \"body\": \"Fill it\", \"image\": null, \"link_external\": \"\", \"link_page\": null, \"link_document\": null, \"button_text\": null, \"show_related_links\": false}], \"expire_at\": null}",
        "approved_go_live_at": null
    }
},
{
    "model": "wagtailcore.pagerevision",
    "pk": 13,
    "fields": {
        "page": 6,
        "submitted_for_moderation": false,
        "created_at": "2018-03-05T19:41:16.665Z",
        "user": [
            "admin"
        ],
        "content_json": "{\"title\": \"A Form\", \"intro\": \"<p>A Form<br/></p>\", \"first_published_at\": \"2018-03-05T19:41:02.131Z\", \"depth\": 4, \"url_path\": \"/home/projects/form/\", \"search_description\": \"It's a form\", \"numchild\": 0, \"has_unpublished_changes\": false, \"live\": true, \"owner\": 1, \"content_type\": 26, \"expired\": false, \"sidebar\": \"right_sidebar\", \"pk\": 6, \"advert_placements\": [], \"subject\": \"\", \"slug\": \"form\", \"seo_title\": \"\", \"from_address\": \"\", \"to_address\": \"\", \"latest_revision_created_at\": \"2018-03-05T19:41:02.065Z\", \"show_in_menus\": false, \"go_live_at\": null, \"path\": \"0001000200010002\", \"thank_you_text\": \"<p>Cheers</p>\", \"locked\": false, \"feed_image\": 1, \"form_fields\": [{\"required\": true, \"pk\": 1, \"help_text\": \"\", \"default_value\": \"\", \"page\": 6, \"label\": \"A Form Field\", \"sort_order\": 0, \"field_type\": \"singleline\", \"choices\": \"\"}], \"sidebar_items\": [{\"page\": 6, \"pk\": 2, \"title\": \"It's a form\", \"sort_order\": 0, \"body\": \"Fill it\", \"image\": null, \"link_external\": \"\", \"link_page\": null, \"link_document\": null, \"button_text\": null, \"show_related_links\": false}], \"expire_at\": null}",
        "approved_go_live_at": null
    }
},
{
    "model": "wagtailcore.grouppagepermission",
    "pk": 1,
    "fields": {
        "group": [
            "Moderators"
        ],
        "page": 1,
        "permission_type": "add"
    }
},
{
    "model": "wagtailcore.grouppagepermission",
    "pk": 2,
    "fields": {
        "group": [
            "Moderators"
        ],
        "page": 1,
        "permission_type": "edit"
    }
},
{
    "model": "wagtailcore.grouppagepermission",
    "pk": 3,
    "fields": {
        "group": [
            "Moderators"
        ],
        "page": 1,
        "permission_type": "publish"
    }
},
{
    "model": "wagtailcore.grouppagepermission",
    "pk": 4,
    "fields": {
        "group": [
            "Editors"
        ],
        "page": 1,
        "permission_type": "add"
    }
},
{
    "model": "wagtailcore.grouppagepermission",
    "pk": 5,
    "fields": {
        "group": [
            "Editors"
        ],
        "page": 1,
        "permission_type": "edit"
    }
},
{
    "model": "wagtailcore.grouppagepermission",
    "pk": 6,
    "fields": {
        "group": [
            "Moderators"
        ],
        "page": 1,
        "permission_type": "lock"
    }
},
{
    "model": "wagtailcore.collection",
    "pk": 1,
    "fields": {
        "path": "0001",
        "depth": 1,
        "numchild": 0,
        "name": "Root"
    }
},
{
    "model": "wagtailcore.groupcollectionpermission",
    "pk": 1,
    "fields": {
        "group": [
            "Editors"
        ],
        "collection": 1,
        "permission": [
            "add_image",
            "wagtailimages",
            "image"
        ]
    }
},
{
    "model": "wagtailcore.groupcollectionpermission",
    "pk": 2,
    "fields": {
        "group": [
            "Moderators"
        ],
        "collection": 1,
        "permission": [
            "add_image",
            "wagtailimages",
            "image"
        ]
    }
},
{
    "model": "wagtailcore.groupcollectionpermission",
    "pk": 3,
    "fields": {
        "group": [
            "Editors"
        ],
        "collection": 1,
        "permission": [
            "change_image",
            "wagtailimages",
            "image"
        ]
    }
},
{
    "model": "wagtailcore.groupcollectionpermission",
    "pk": 4,
    "fields": {
        "group": [
            "Moderators"
        ],
        "collection": 1,
        "permission": [
            "change_image",
            "wagtailimages",
            "image"
        ]
    }
},
{
    "model": "wagtailcore.groupcollectionpermission",
    "pk": 5,
    "fields": {
        "group": [
            "Editors"
        ],
        "collection": 1,
        "permission": [
            "add_document",
            "wagtaildocs",
            "document"
        ]
    }
},
{
    "model": "wagtailcore.groupcollectionpermission",
    "pk": 6,
    "fields": {
        "group": [
            "Moderators"
        ],
        "collection": 1,
        "permission": [
            "add_document",
            "wagtaildocs",
            "document"
        ]
    }
},
{
    "model": "wagtailcore.groupcollectionpermission",
    "pk": 7,
    "fields": {
        "group": [
            "Editors"
        ],
        "collection": 1,
        "permission": [
            "change_document",
            "wagtaildocs",
            "document"
        ]
    }
},
{
    "model": "wagtailcore.groupcollectionpermission",
    "pk": 8,
    "fields": {
        "group": [
            "Moderators"
        ],
        "collection": 1,
        "permission": [
            "change_document",
            "wagtaildocs",
            "document"
        ]
    }
},
{
    "model": "wagtailimages.image",
    "pk": 1,
    "fields": {
        "collection": 1,
        "title": "Banner Image",
        "file": "original_images/banner_image.jpg",
        "width": 1200,
        "height": 444,
        "created_at": "2018-03-05T19:25:12.634Z",
        "uploaded_by_user": [
            "admin"
        ],
        "focal_point_x": null,
        "focal_point_y": null,
        "focal_point_width": null,
        "focal_point_height": null,
        "file_size": null
    }
},
{
    "model": "wagtailimages.rendition",
    "pk": 1,
    "fields": {
        "filter_spec": "max-165x165",
        "file": "images/banner_image.max-165x165.jpg",
        "width": 165,
        "height": 61,
        "focal_point_key": "",
        "image": 1
    }
},
{
    "model": "wagtailimages.rendition",
    "pk": 2,
    "fields": {
        "filter_spec": "original",
        "file": "images/banner_image.original.jpg",
        "width": 1200,
        "height": 444,
        "focal_point_key": "",
        "image": 1
    }
}
]
